INSERT INTO faculties (id, name, password, contact, email, expertise)
VALUES ('F01', 'Engineering', 'engpass123', '01012345678', 'eng.dean@univ.edu', 'Civil Structures'),
       ('F02', 'Arts', 'artspass123', '01176543210', 'arts.dean@univ.edu', 'Literature & Theory'),
       ('F03', 'Science', 'scipass123', '01211223344', 'sci.dean@univ.edu', 'Theoretical Physics'),
       ('F04', 'FCDS', 'fcdspass123', '01544556677', 'fcds.dean@univ.edu', 'Data Analytics');

INSERT INTO departments (id, name, faculty_id)
VALUES ('D01', 'Data Science', 'F04'),
       ('D02', 'Mechanical Engineering', 'F01'),
       ('D03', 'History', 'F02'),
       ('D04', 'Physics', 'F03'),
       ('D05', 'Cyber Security', 'F04'),
       ('D06', 'AI', 'F04');

INSERT INTO courses (id, course_name, description, credit_hours, schedule)
VALUES ('C01', 'Intro to Programming', 'Fundamental concepts of structured programming and logic.', 3, 'Mon/Wed 10:00-11:30'),
        ('C02', 'Data Structures', 'Implementation and analysis of core data structures.', 4, 'Tue/Thu 11:30-13:00'),
        ('C03', 'World History', 'A survey of global historical developments from 1500 to present.', 3, 'Tue/Thu 14:00-15:30'),
        ('C04', 'Modern Art', 'Study of 20th century art movements and key figures.', 3, 'Wed 16:00-19:00'),
        ('C05', 'Classical Mechanics', 'Introduction to Newtonian physics and dynamics.', 4, 'Mon/Wed/Fri 09:00-10:00'),
        ('C06', 'Thermo Dynamics', 'Principles of heat and energy transfer in engineering systems.', 4, 'Mon/Wed 13:00-15:00'),
        ('C07', 'Intro to Database', 'Foundational database concepts course.', 3, 'Tue/Thu 13:30-15:00'),
        ('C08', 'Algorithms', 'Study of algorithmic techniques and analysis.', 4, 'Mon/Wed 11:00-12:30'),
        ('C09', 'Operating Systems', 'Core concepts of OS architecture and process management.', 4, 'Tue/Thu 10:00-12:00'),
        ('C10', 'Networks', 'Introduction to computer networking fundamentals.', 3, 'Sun/Tue 09:00-10:30'),
        ('C11', 'Cybersecurity Fundamentals', 'Concepts of digital security and threat prevention.', 3, 'Tue/Thu 15:00-16:30'),
        ('C12', 'Ethical Hacking', 'Hands-on course for penetration testing techniques.', 4, 'Wed 14:00-17:00'),
        ('C13', 'Machine Learning', 'Supervised, unsupervised, and reinforcement learning.', 4, 'Mon/Wed 12:30-14:00'),
        ('C14', 'Deep Learning', 'Neural networks and advanced architectures.', 4, 'Tue/Thu 14:00-16:00'),
        ('C15', 'Data Mining', 'Knowledge discovery and large dataset analysis.', 3, 'Mon/Wed 09:00-10:30'),
        ('C16', 'Database Systems II', 'Advanced database indexing, transactions, and optimization.', 3, 'Thu 16:00-19:00'),
        ('C17', 'Digital Forensics', 'Evidence acquisition and cybersecurity investigations.', 3, 'Sun/Tue 12:30-14:00'),
        ('C18', 'Cloud Computing', 'Virtualization, cloud models, and distributed systems.', 4, 'Mon 14:00-18:00'),
        ('C19', 'AI Ethics', 'Ethical considerations in AI deployment and design.', 2, 'Sun 10:00-12:00'),
        ('C20', 'Web Security', 'Security practices for web apps and APIs.', 3, 'Tue/Thu 09:00-10:30');

INSERT INTO systemAdmin (id, name, password, contact, email, securityLevel)
VALUES ('SA01', 'Aisha Hassan', 'admsecure', '01010000000', 'aisha.h@univ.edu', 'High'),
       ('SA02', 'Omar Selim', 'admmedium', '01120000000', 'omar.s@univ.edu', 'Medium'),
       ('SA03', 'Youssef Ehab', 'admlow', '01230000000', 'youssef.e@univ.edu', 'Low');

INSERT INTO adminStaff (id, name, password, contact, email, faculty, department, role, officeHours)
VALUES ('S01', 'Hoda Kamal', 'staffpass1', '01040000000', 'hoda.k@univ.edu', 'FCDS', 'Data Science', 'DR', 10),
       ('S02', 'Tarek Fawzy', 'staffpass2', '01150000000', 'tarek.f@univ.edu', 'Science', 'Physics', 'TA', 5),
       ('S03', 'Karim Mostafa', 'staffpass3', '01260000000', 'karim.m@univ.edu', 'Engineering', 'Mechanical Engineering', 'DR', 8),
       ('S04', 'Samia Adel', 'staffpass4', '01570000000', 'samia.a@univ.edu', 'Arts', 'History', 'TA', 6),
       ('S05', 'Ahmed Kamel', 'staffpass5', '01046000000', 'ahmed.k@univ.edu', 'FCDS', 'Cyber Security', 'DR', 10),
       ('S06', 'Fouad Mohamed', 'staffpass6', '01045000000', 'fouad.m@univ.edu', 'FCDS', 'Cyber Security', 'TA', 10),
       ('S07', 'Lamia Farouk', 'staffpass7', '01041000000', 'lamia.f@univ.edu', 'FCDS', 'Data Science', 'DR', 12),
       ('S08', 'Yasser Gamal', 'staffpass8', '01042000000', 'yasser.g@univ.edu', 'FCDS', 'Cyber Security', 'TA', 8),
       ('S09', 'Rehab Mostafa', 'staffpass9', '01043000000', 'rehab.m@univ.edu', 'FCDS', 'AI', 'DR', 15),
       ('S10', 'Hassan Eid', 'staffpass10', '01044000000', 'hassan.e@univ.edu', 'FCDS', 'Data Science', 'TA', 6),
       ('S11', 'Mai Tamer', 'staffpass11', '01047000000', 'mai.t@univ.edu', 'FCDS', 'Cyber Security', 'DR', 10),
       ('S12', 'Ramy Saad', 'staffpass12', '01048000000', 'ramy.s@univ.edu', 'FCDS', 'AI', 'TA', 7);

INSERT INTO students (id, name, password, contact, email, admissionDate, academicStatus, faculty, department)
VALUES ('ST01', 'Amr Mohamed', 'stu1pass', '01011111111', 'a.mohamed@univ.edu', '2023-09-01', 'Active', 'FCDS', 'Data Science'),
       ('ST02', 'Layla Said', 'stu2pass', '01122222222', 'l.said@univ.edu', '2022-09-01', 'Active', 'Science', 'Physics'),
       ('ST03', 'Khaled Ali', 'stu3pass', '01233333333', 'k.ali@univ.edu', '2020-09-01', 'Graduated', 'Arts', 'History'),
       ('ST04', 'Nour Tamer', 'stu4pass', '01544444444', 'n.tamer@univ.edu', '2023-09-01', 'Active', 'Engineering', 'Mechanical Engineering'),
       ('ST05', 'Moustafa Emad', 'stu5pass', '01055555555', 'm.emad@univ.edu', '2024-01-15', 'On Probation', 'FCDS', 'Cyber Security'),
       ('ST06', 'Sara Ibrahim', 'stu6pass', '01166666666', 'sara.i@univ.edu', '2022-01-15', 'Active', 'Science', 'Physics'),
       ('ST07', 'Rania Magdy', 'stu7pass', '01277777777', 'r.magdy@univ.edu', '2023-09-01', 'Active', 'Arts', 'History'),
       ('ST08', 'Ahmed Galal', 'stu8pass', '01588888888', 'a.galal@univ.edu', '2021-09-01', 'Graduated', 'FCDS', 'Data Science'),
       ('ST09', 'Mona Yasser', 'stu9pass', '01099999999', 'm.yasser@univ.edu', '2022-09-01', 'Active', 'Engineering', 'Mechanical Engineering'),
       ('ST10', 'Emad Wael', 'stu10pass', '01100000000', 'e.wael@univ.edu', '2023-01-15', 'Active', 'Science', 'Physics'),
       ('ST11', 'Omar Tarek', 'st11pass', '01011112111', 'omar.t@univ.edu', '2023-09-01', 'Active', 'FCDS', 'Data Science'),
       ('ST12', 'Hana Fekry', 'st12pass', '01122223111', 'hana.f@univ.edu', '2024-02-01', 'Active', 'FCDS', 'AI'),
       ('ST13', 'Mohamed Adel', 'st13pass', '01233333111', 'm.adel@univ.edu', '2021-09-01', 'Graduated', 'FCDS', 'Cyber Security'),
       ('ST14', 'Nadine Hassan', 'st14pass', '01544444111', 'nadine.h@univ.edu', '2022-09-01', 'Active', 'FCDS', 'Cyber Security'),
       ('ST15', 'Ibrahim Ezz', 'st15pass', '01055555111', 'ibrahim.e@univ.edu', '2023-01-15', 'On Probation', 'FCDS', 'AI'),
       ('ST16', 'Rowan Sami', 'st16pass', '01166666111', 'rowan.s@univ.edu', '2022-01-15', 'Active', 'FCDS', 'Data Science'),
       ('ST17', 'Mahmoud Saber', 'st17pass', '01277777111', 'mahmoud.s@univ.edu', '2024-01-10', 'Active', 'FCDS', 'AI'),
       ('ST18', 'Yara Nabil', 'st18pass', '01588888111', 'yara.n@univ.edu', '2021-09-01', 'Graduated', 'FCDS', 'Cyber Security'),
       ('ST19', 'Bassel Mohamed', 'st19pass', '01099999111', 'bassel.m@univ.edu', '2023-09-01', 'Active', 'FCDS', 'Data Science'),
       ('ST20', 'Jana Fathy', 'st20pass', '01100000111', 'jana.f@univ.edu', '2024-01-15', 'Active', 'FCDS', 'AI');

INSERT INTO course_department (course_id, department_id, faculty_id)
VALUES ('C01', 'D01', 'F04'),
       ('C02', 'D01', 'F04'),
       ('C03', 'D03', 'F02'),
       ('C04', 'D03', 'F02'),
       ('C05', 'D04', 'F03'),
       ('C06', 'D02', 'F01'),
       ('C07', 'D05', 'F04'),
       ('C08', 'D01', 'F04'),
       ('C09', 'D05', 'F04'),
       ('C10', 'D05', 'F04'),
       ('C11', 'D05', 'F04'),
       ('C12', 'D05', 'F04'),
       ('C13', 'D06', 'F04'),
       ('C14', 'D06', 'F04'),
       ('C15', 'D01', 'F04'),
       ('C16', 'D01', 'F04'),
       ('C17', 'D05', 'F04'),
       ('C18', 'D06', 'F04'),
       ('C19', 'D06', 'F04'),
       ('C20', 'D05', 'F04');

INSERT INTO course_prerequisite (course_id, prerequisite_id)
VALUES ('C02', 'C01'),
       ('C04', 'C03'),
       ('C08', 'C02'),
       ('C09', 'C08'),
       ('C11', 'C10'),
       ('C12', 'C11'),
       ('C13', 'C08'),
       ('C14', 'C13'),
       ('C15', 'C07'),
       ('C16', 'C01'),
       ('C17', 'C11'),
       ('C18', 'C09'),
       ('C19', 'C13'),
       ('C20', 'C11');

INSERT INTO student_course (student_id, course_id, grade, status)
VALUES ('ST01', 'C01', 85, 'Passed'),
       ('ST01', 'C02', NULL, 'Registered'),
       ('ST02', 'C05', 72, 'Passed'),
       ('ST03', 'C03', 90, 'Passed'),
       ('ST04', 'C06', 60, 'Passed'),
       ('ST05', 'C01', 70, 'Passed'),
       ('ST05', 'C02', 45, 'Failed'),
       ('ST06', 'C05', NULL, 'Registered'),
       ('ST07', 'C03', 88, 'Passed'),
       ('ST07', 'C04', NULL, 'Registered'),
       ('ST08', 'C01', 78, 'Passed'),
       ('ST10', 'C05', 55, 'Passed'),
       ('ST11', 'C08', 82, 'Passed'),
       ('ST11', 'C09', NULL, 'Registered'),
       ('ST12', 'C13', NULL, 'Registered'),
       ('ST12', 'C14', NULL, 'Registered'),
       ('ST13', 'C11', 76, 'Passed'),
       ('ST13', 'C12', 68, 'Passed'),
       ('ST14', 'C11', 59, 'Failed'),
       ('ST14', 'C12', NULL, 'Registered'),
       ('ST15', 'C13', 40, 'Failed'),
       ('ST15', 'C19', NULL, 'Registered'),
       ('ST16', 'C15', 88, 'Passed'),
       ('ST16', 'C16', NULL, 'Registered'),
       ('ST17', 'C18', NULL, 'Registered'),
       ('ST18', 'C17', 90, 'Passed'),
       ('ST18', 'C20', NULL, 'Registered'),
       ('ST19', 'C08', 79, 'Passed'),
       ('ST19', 'C15', 84, 'Passed'),
       ('ST20', 'C14', NULL, 'Registered'),
       ('ST20', 'C13', 72, 'Passed');

INSERT INTO system_permissions (id, allow_dropping, allow_registering, allow_updating_profile, allow_login, allow_reset)
VALUES (1,1,1,1,1,1);